Annotated Sequence,Modifications,Master Protein Accessions,F1: Sample,F2: Sample,F3: Sample,F13: Sample,F14: Sample,F15: Sample,F17: Sample,F18: Sample,F19: Sample,F4: Control,F5: Control,F6: Control,F7: Control,F8: Control,F9: Control,F10: Control,F11: Control,F12: Control
[R].ADIAESQVNK.[L],,B2RWW8; B2RQQ1; Q91Z83,1040920325,1023128063,1048705284,1034085921,1050644281,1035477892,1942816623,1942807367,1942108542,2536949263,2507628392,2555991001,1507078571,1479336259,1521020601,2019883088,1982836710,2028017958
[R].MIEGVAYEMR.[V],,Q3UIK0,,,,,,,,,,13014762,11988203,11751721,1417047.25,977887.0625,964985.3125,6431034,5272745,5899553.5
[R].MVDSLQTSLDAETR.[S],,B2RQQ1; Q91Z83,196905864,189134209,187100037.6,198029370.9,193803020.5,190960837.6,479465710.5,487743419.5,474579475.8,781647567.5,762220366,761592971,187380016.5,179160699.8,181310425.9,434522043.8,427804544.5,428577378.8
[R].MVDSLQTSLDAETR.[S],1xOxidation [M1],B2RQQ1; Q91Z83,9331295,9586076,10317664,7232687.5,6595555,6767684.5,15801237,15106080,16524441,22367612,22041364,23371222,14203064,14013673,13917140,17461650,18852426,18220718
[K].MVSLLQEK.[N],,B2RQQ1; Q91Z83,288343232,277764320,282736160,283575296,278956928,279668480,705087680,705337984,692989248,1106409216,1088073472,1092415488,279002336,273488224,271400160,637976704,622989696,615290240
[K].MVSLLQEK.[N],1xOxidation [M1],B2RQQ1; Q91Z83,,,,,,,,,,,,,,,,,,
[K].NALAHALQSAR.[H],,Q91Z83,515840816,506502552,510512824,562057696,566074800,568298648,692470368,689723520,684922112,18109381.75,17272327,17661454.25,8873600.125,10175547.13,8579165,20053097.5,18552485.75,19265728.25
[K].NALAHALQSSR.[H],,B2RWW8; B2RQQ1,359240128,354476672,363594848,303042048,300700816,299112808,986241520,978676160,991038176,2248960448,2217669824,2211257088,1267313504,1251621216,1249633344,1906055136,1874704832,2008601568
[K].NAYEESLEHLETFK.[R],,B2RQQ1; Q91Z83,1465602256,1397205488,1420009968,1444269488,1436628272,1470740256,2446753632,2437883456,2435656256,2938466592,2944987648,2917256256,1895528160,1861996224,1891238528,2320949088,2343789312,2365312032
[K].NAYEESLEHLETFKR.[E],,B2RQQ1; Q91Z83,259061876,252363025.3,255596289,254941063.8,254650675.8,253612883,558507876,555661340,563985845,891827798,889093492,880125302,454225159,450506862,454138199,741560590,721009072,745361748
[K].NDLQLQVQAEQDNLADAEER.[C],,Q91Z83,433595503.5,411841914.5,418840354.5,512514150.5,523792093,519455334,612042296,613407685,621741200,20337133.5,22489981.25,22085124.25,14061520.88,14122215.63,11940706.63,18916127.13,19093740.5,19961717.75
[K].NDLQLQVQAEQDNLNDAEER.[C],,B2RQQ1,472684444.5,456352987.8,460348774.8,369553059.8,370466535.8,359535845.6,1090586467,1091969871,1078527034,2287440490,2215459061,2260467432,1503748300,1492741511,1490597666,1956298566,1936590658,1928437410
[K].NGLDLGEDAR.[F],,Q3UIK0,,,,,,,,,,111667056,105245216,107425808,70245352,70308200,69991072,97182160,95407496,99427256
[K].NGQEIQMSGSK.[Y],,Q3UIK0,,,,,,,,,,6405468,8378847.5,5742535.5,,,,2962135,2606368,2517869.25
[K].NKDPLNETVVGLYQK.[S],,B2RQQ1; Q91Z83,1555142038,1470030652,1480502846,1440942870,1425926850,1410163864,2302263892,2295918884,2267578484,2445745850,2412766668,2432206440,1786972878,1783833142,1751599258,2025231092,2002461262,2024605906
[K].MESDLTQLQTEVEEAVQECR.[N],1xCarbamidomethyl [C19]; 1xOxidation [M1],B2RQQ1,3790812.75,3801871,3621549.5,2716303,2840027.5,2698029.5,9231052,8834849,8594453,17968322,18761710,17711956,10409597,10449343,11008615,13001920,12960032,13002298
[K].NLQEEISDLTEQLGEGGK.[N],,B2RQQ1,867620571.8,849048079.8,854169903.2,714008723.3,702896044.3,692892405.9,2182549131,2153312020,2172223789,4430200463,4430065513,4404399836,2860563185,2741699418,2856049745,3673512655,3660609870,3701252304
[K].NLQEEISDLTEQLGSTGK.[S],,Q91Z83,1248347552,1232449248,1248221856,1375287008,1318598208,1329534336,1877389248,1862753504,1879475904,,,,,,,,,
[K].NLTEEMAGLDEIIAK.[L],,B2RQQ1,81673296,77168020,74446214,66411690,63793472,62108808,364612288,350935264,340841536,982832480,925197024,906017472,194895776,184872696,180313160,545263264,527629808,503534672
[K].NLTEEMAGLDEIIAK.[L],1xOxidation [M6],B2RQQ1,3044270.625,2724952.375,3354155.625,2013161.25,1719687.25,1803943.75,7659520.25,7288914,7570714.25,16059317.5,16075738.5,16044712,10299882.5,9753744,9994534,13137554,12258321,13285920.5
[K].NLTEEMAGLDEIIVK.[L],,Q91Z83,77045560,72238678,70195574,89797180,86098836,83050044,170386904,161432312,158624144,4589692.375,4504761.625,4407812,1030828.188,1025647.219,928483.875,3306127.25,3277224.5,3318365.25
[K].NMEQTIK.[D],,B2RQQ1; Q91Z83,57093072,54662584,54148424,56634748,55248056,53794016,206945712,200961344,195187312,325001920,326120512,308839968,53716760,50123316,49308788,168049872,160016672,157641792
[R].NNLLQAELEELR.[A],,B2RQQ1; Q91Z83,1720802353,1693158288,1716765584,1727419415,1696725543,1685633366,3137207178,3134055842,3107483218,3953638140,3831691732,3900851164,2566770294,2512910298,2573276192,3271783282,3323062406,3296058764
[K].NPVGEDQVNLTVK.[V],,Q3UIK0,1812969.875,2721028.375,1894783.75,,,,,420982.3125,,320503512,310005660,318199360,190766390,191064840,191313874,287093164,279963772,283483352
[R].NSPTDTILFIR.[A],,Q3UIK0,24330753,23176307.25,24156073.38,22494823,21677639.88,21823232.63,38302753,39964658.25,37998218,343008404,332928420,336956276,246681360,239374940,247272302,324318780,324373734,330457816
[R].NYHIFYQILSNK.[K],,B2RQQ1,74348568,72115360,73692488,104010852,102852932,100299078,188392264,186569992,187345292,314680028,314602392,309534676,255849388,251243444,256038092,299335264,290858256,297608468
[R].QAEEAEEQANTNLSK.[F],,B2RQQ1; Q91Z83,520782128,516395200,505136288,550497536,534868352,521340368,956842880,927711008,917937728,1203423936,1172506432,1163448384,729578016,726069728,709499776,965869760,952108768,947279008
[R].QAPPSEYER.[I],,Q3UIK0,,,,,,,,,,91150056,90537872,89824960,58503368,54527296,55852224,83843456,81182088,82706440
[K].QGVLTLEIR.[K],,Q3UIK0,332022.9063,,440657.9375,,,,,,,185903168,181009920,181522544,125863184,120854400,123892912,178932960,170912144,175601504
[K].QKYEESQSELESSQK.[E],,B2RQQ1; Q91Z83,383216024,374067156,371843620,397225564,382564688,391828728,707292968,705748504,681707264,911635480,897659600,882579408,526383456,514741952,525106472,743556176,722252456,716039176
[R].QLDEKEALISQLTR.[G],,Q91Z83,5743860.5,5512439,,1766238.125,1297039.875,921664.125,,1659799.75,1131945,,,,,,,,,
[K].NLQEEISDLTEQLGEGGKNVHELEK.[I],,B2RQQ1,,,,,,,,,,,,,,,,,,
[K].QLEAEKLELQSALEEAEASLEHEEGK.[I],,Q91Z83,162341936,158977248,154095136,208956256,199056048,195626208,214916800,211904992,205400144,,,,,,,,,
[K].MESDLTQLQTEVEEAVQECR.[N],1xCarbamidomethyl [C19],B2RQQ1,65151862,64250191,64433367,55513465.44,54712039.25,55190647.75,226080508.5,222623218,221547123.8,602768198,581251888,580398528,146842674,144234295.8,142138227.8,331276817.5,325968956,325514883.5
[K].MEGDLNEMEIQLSHANR.[QM],,Q91Z83,6735596.5,7113667.5,6547362.5,9147049,8813027,8701879,23244050,22863966,21545306,,,,,,,,,
[R].ILYGDFR.[Q],,B2RQQ1; Q91Z83,1429250410,1434637106,1458097426,1458533786,1481676991,1450173435,2567197250,2598455252,2594139632,3260863886,3201285206,3218766278,2038637667,2020657366,2025872302,2725288774,2664323618,2727892970
[K].LMATLFSTYASADTGDSGK.[G],,B2RQQ1,25214163,24478082,23856129,19927608,20155281,19299892,89379136,86296920,82837732,191407192,176803968,177646568,55581090,52843860,50449606,119569208,116728444,110648292
[R].INATLETK.[Q],,B2RQQ1; Q91Z83,1364259496,1342323152,1371375448,1347822504,1359667520,1344350952,2493268000,2438909168,2475345344,3045998464,2987932352,2979058896,1922077592,1886853528,1893246096,2479080992,2473813344,2509857696
[R].LNFDLLR.[E],,Q3UIK0,3035217.25,5142078,5399296,,,,,,,337812704,329705312,326904288,219850960,215079520,214812304,301182816,295378080,306434144
[R].LQDAEEAVEAVNAK.[C],,B2RQQ1; Q91Z83,1459212270,1479166151,1481486883,1449951884,1442119058,1462191560,2712111707,2709587026,2687187437,3577136609,3563550883,3628748085,2135186513,2065641737,2118738326,2801696661,2745310469,2802224690
[R].LQDLVDK.[L],,B2RWW8; B2RQQ1; Q91Z83,1442860348,1423516304,1434753180,1426478160,1429873524,1428629868,2602298032,2616312192,2599613808,3244483632,3236236528,3251987056,1960190784,1912429336,1950503120,2617411088,2525964632,2618511544
[R].LQDLVDKLQLK.[V],,B2RQQ1; Q91Z83,52807524.5,51400046.5,51082132.5,48314830,48765130.5,47537865.5,118333980,123088914,120576498,211688184,198219126,203632968,91960062,88866812,92402521,187551008,179966466,188362582
[R].LQNEIEDLMVDVER.[S],,B2RQQ1; Q91Z83,114905560,109823360,107816008,114566584,109806860,104868484,370931208,358616360,339409032,600732624,576029232,543360832,109037428,101557840,96628380,308756848,295616152,277911968
[R].LQNEIEDLMVDVER.[S],1xOxidation [M9],B2RQQ1; Q91Z83,3088509.5,3117171.25,3194953.75,2269661.5,2294194.5,2223224,5432274.5,4833345,5665597,7868365,7746177,7802572.5,4388484,4350772.5,4261495,5790199.5,5765614,5680162
[K].LQQFFNHHMFVLEQEEYK.[K],,B2RWW8; B2RQQ1; Q91Z83,4322487,4007615.25,4151251.25,6643620.5,6355574.5,5851152,12359575,11960384,10321123,14136460,13508874,14319372,3976467.5,3609332.25,2008918.25,8541334,8397180,8333634.5
[K].LQQFFNHHMFVLEQEEYKK.[E],,B2RWW8; B2RQQ1; Q91Z83,6998388.5,6576633.5,5679581.5,14109428,13428297,13020543,21646464,21378918,20277216,22078773,27700722,24703134,5340134.5,7538538,3505843,16748089,21547889,14966580
[K].LQTENGELAR.[Q],,B2RQQ1,206517680,205402336,210368992,152074384,151106352,152057440,465244480,461383488,464544736,1237134208,1194785664,1235233280,666341120,670754688,676239168,789378240,784952064,799239296
[K].LQTENGELSR.[Q],,Q91Z83,221271600,215995616,223438944,224069136,221280496,224115040,255806944,261950592,255826496,7929936,8224853.5,8081652.5,3854933.5,3849000.75,4208833,6606624,6625120,6203127
[K].LRLDVPISGDPAPTVVWQK.[T],,Q3UIK0,,,,,,,,,,34651372,34827708,34474368,21074620,19823276,21036486,38991588,39056856,38135468
[K].MEGDLNEMEIQLSQANR.[I],,B2RQQ1,6548565.375,5882635.75,5893116.25,6516264.25,4297414,5394284.5,34944795,31989295,29803741,107610056,103581248,97091890,9953975.5,9654102.5,8255029.75,40470265,38531022,37431352
[K].ISNVGEDSCTVQWEPPAYDGGQPVLGYILER.[K],1xCarbamidomethyl [C9],Q3UIK0,,,,,,,,,,59909681,55638215,57449734,30743270,30978668.5,31013707.5,55635762,53164317,89815144
[K].LSYTQQMEDLKR.[Q],,B2RQQ1,66917942,62657699.5,62730620,51675201,51490135.5,47793546.25,282283032,273812094,268023114,758557584,747114960,712206288,155001481,147841574,146027604,427076364,411447044,405983456
[K].LSYTQQMEDLKR.[Q],1xOxidation [M7],B2RQQ1,3594778.5,3622434.5,3903281,2045910.25,2527945.25,2417826.5,9018241,8539565,9099739,19883106,20825536,20720962,12729451,13589653,13212391,15833675,16480014,16823848
[K].LTGAIMHYGNMK.[F],,B2RQQ1,1601634.625,1127387.75,946941.75,1415457.75,1332816.125,1478366.125,14187897,13662489,11240614,48948404,44976564,39830944,2931427.5,2165286.75,1609243.75,16044434,15383308,13679454
[K].LTIDDVTPADEADYSFVPEGFACNLSAK.[L],1xCarbamidomethyl [C23],Q3UIK0,,,454412.5938,,,,,,,126163452,125032497,123102199,71418092.5,67787041,69185692,112533904,107849875,109496904.5
[K].LTQESIMDLENDK.[LQ],,B2RQQ1; Q91Z83,33625823,31691331,30725979.5,32178025.5,31241347.5,29531239,73003212,72120586,68566203,75183845,75123580,70906792,17081011.5,17136109,15655861,36254960,35070319.5,34304061.5
[K].LTQESIMDLENDKLQLEEK.[L],,B2RQQ1,62087632,58782328,57419248,48604368,48457660,45136380,249034064,246491792,234330736,698726464,682079616,660857472,139087424,129326800,128217352,374948192,352889280,346436960
[K].LTQESIMDLENDKLQLEEK.[L],1xOxidation [M7],B2RQQ1,2440049,2680092,2467391.25,1511373.875,1548143,1335723.375,5946405,5219186,5135578.5,13248437,13610140,13916517,7523173.5,7738651.5,7435920.5,9624073,10197184,10577947
[K].LTQESIMDLENDKQQLDER.[L],,Q91Z83,60796615,59305467,58306712.5,71671080,68209519,65387979.5,148851038,141156214,138718648,3798589.5,3394320,4401629.5,,,,1562904.625,1836746,2471124.25
[R].LTVELADPDAEVK.[W],,Q3UIK0,2617323.75,2737772.25,2906690.75,,,,1237238.25,1444522.125,1324218.875,363413248,353345056,354512704,209420576,207225888,213887856,324129568,311094272,324345824
[K].LTYTQQLEDLK.[R],,Q91Z83,143829128,135618690,138331260,151607170,147835059,147404056,180667933,177091190,176230858,,,,,,,,,
[K].LTYTQQLEDLKR.[Q],,Q91Z83,1547187272,84261576,86021280,92784456,1593807984,94591264,113235760,109998016,114598664,,,,,,,,,
[K].LYDNHLGK.[S],,B2RQQ1; Q91Z83,1077631482,1065894292,1089574146,1085872884,1115637830,1068205156,2044605724,2010658128,2046946972,2608123712,2633839920,2608936184,1536027648,1516818778,1543677642,2081246324,1990226972,2105553728
[R].MAAEAQK.[Q],,Q91Z83,46199576,45470400,44036304,51475588,54073280,51537740,79549384,75885928,76842040,3173123,3099553,3099684,1345862.5,1091983.25,,1925085.25,2557680,2100635.5
[K].MDADLSQLQTEVEEAVQECR.[N],1xCarbamidomethyl [C19],Q91Z83,119948579,118171091,118456717,137521780,135518702,132159875,201125986,203812464,199651922,5588002,5932700.5,4884308.5,1050277.375,1015179.125,1082441.875,3591470.5,3652377.75,3327060.5
[K].LSYTQQMEDLK.[R],,B2RQQ1,7141737,7146226.5,6376009,6440829,5040527,5488963,31349702,31546730,31005312,77773128,75327176,74862184,14413349,14569263,14000249,37704092,38210004,36582640
[K].LLSNLFANYAGADAPADK.[G],,Q91Z83,733838112,718065616,730993568,826125760,816349120,802112880,924737664,897321600,900761088,22544569,22817115,21805898.5,13182779.25,12919916.5,13034307,24059657.5,23560428,24740439.5
[R].QLEEEGK.[A],,B2RQQ1,202681560,201178772,200196845,176769726,178831434,170971840,539044504,529633582,513935694,1070443244,1066245576,1055241284,674466616,654454882,648520432,936056120,895442864,890444892
[K].QREEQAEPDGTEDADK.[S],,B2RQQ1,137699169.9,133988251.2,135909031.3,120480295.7,121574084.4,117143387,334790749.3,333797974.3,329253616.5,637885339,626086084.5,628884669.5,432254831.5,421013849.5,418861144,547105823,546058102.8,531729626
[R].TLEDQMNEHR.[S],,Q91Z83,46773840,44789115,43854518,54396390,53677545,51843597,121939054,116325894,115323376,2669265.5,2930234.75,2736852.688,,,,1755942,1279411,1376199.25
[R].TLTISQCSLADDAAYQCVVGGEK.[C],2xCarbamidomethyl [C7; C17],Q3UIK0,9013076.813,9362793.563,7684751.656,2287819.25,2097356.25,2734528.5,,,,115930791,117694871,115024893,77645892.5,76894732,75846333.5,107096978,105599237,106022486
[R].TSDSHEDAGTLDFSSLLK.[K],,Q3UIK0,1271375.25,1449038,1270718.75,376349.625,252437.6875,393267.5313,,,,137669248,133260816,131597000,77563944,76697632,76633888,116583120,117205784,116861720
[R].TSDSHEDAGTLDFSSLLK.[K],1xPhospho [S/T],Q3UIK0,,,,,,,,,,24119662,23631356,23637436,14283067,13610549,14004247,18158864,16737552,18074266
[R].TSGGQSLAELIVQEK.[K],,Q3UIK0,2983372.25,3036278.375,3060361.125,294086.1563,372151.6875,363104.7813,343297.125,445625.9375,348269.375,334866112,329930016,325473936,206286528,202872744,206968560,295119104,286910656,297938160
[R].TSLAGAGR.[R],,Q3UIK0,,,,,,,,,,189887696,185467248,185142608,118484376,117343528,119491072,172814560,172196000,177595888
[KR].TTHPHFVR.[C],,B2RQQ1,349876396,353468722,351075266,305474897,321763603,304018557,872495220,892758672,882968504,1719021824,1740589656,1726495976,1092758832,1095941996,1094201288,1471728168,1481716832,1506164608
[K].TVTIKEDQVMQQNPPK.[F],,B2RQQ1,952009.4375,,,,,,10497300,10471871,10441175,32734960,31130398,31623230,5714813.5,5821516.5,5150338,20427716,20975316,19963514
[R].VAGASLLKPPVVK.[W],,Q3UIK0,2559458.5,2647995.25,2576771.75,954809.4375,717391,861871.625,1260064.375,1191299.625,1055541.625,381902180,371605740,382475784,218171390,217471374,220727074,316667552,312467690,317060702
[R].VEFECEVSEEGAQVK.[W],1xCarbamidomethyl [C5],Q3UIK0,1566578.813,1337622.625,1245326.781,297759.9688,162825.25,,989234.5625,,,194506680,191538400,189015640,114344744,112387092,114453420,168196356,165752976,173377128
[R].VFSHNMVGSSDK.[A],,Q3UIK0,,,,,,,,,,25179538,22992194,21710284,,6701995,,13246964,15010583,14002866
[R].VGAGGLDGYSVEYCQEGCSEWTPALQGLTER.[RT],2xCarbamidomethyl [C14; C18],Q3UIK0,3748357,3494931.75,3558758.75,,,,,,,111810400,108918968,109327074,68605322,67888658,69016570,98232508,98785060,97369904
[K].VGEPVNLLIPFQGKPRPQVTWTK.[E],,Q3UIK0,,,,,,,,,,68902456,69085400,68706480,35831052,35435184,35376580,53840308,55340952,54023084
[KR].VGNEYVTK.[G],,B2RWW8; B2RQQ1; Q91Z83,877939896,870831304,864684596,857230748,873750632,874442996,1607371832,1602995368,1604072400,2087228184,2052662008,2062852480,1182563284,1172202320,1186298028,1643871168,1586092952,1631603072
[R].TLEDQANEYR.[V],,B2RQQ1,471322128,470045608,475266004,398967408,399573648,402049836,1185009760,1160094288,1189096568,2411873216,2388695568,2391375648,1498890224,1515771624,1531477256,1983752976,1993194032,2042026912
[K].VGQHLQLHDSYDR.[A],,Q3UIK0,4306862.5,3569348.625,1432054.875,693077.5625,440705.0313,675278.5625,785973.125,689146.625,1066805.625,290248819,286912587.5,287603338,172835790,167507488.5,171003057,264770936.5,257587992.5,261867821
[K].VKLEQQVDDLEGSLEQEK.[K],,B2RQQ1; Q91Z83,389624324,376960278.5,381742414,358792949,365334704,358074402,723557922,699160230,695101037,938281356,927764000,940031838,540787220,520688835,533148565,744506527,721826734,754420286
[K].VKLEQQVDDLEGSLEQEKK.[V],,B2RQQ1; Q91Z83,257832299.8,245523886.4,251782755,248078853.8,244206007.6,246897029.8,544568529,535877366.5,560896063,761148162.5,749730243.5,761314968,376263501.8,367692724.5,376027760.5,639255448,635634217,653433452
[K].VIDVPDAPAAPK.[I],,Q3UIK0,,,184095.9375,,,,,,,394355010,392310896,399658074,230692874,228421605,230095990,343346128,341351160,341144492
[R].VIQYFASIAAIGDR.[S],,B2RQQ1,85953452,85073192,87384276,85859584,83976664,84124032,205871632,194998504,199275400,348354416,331830224,336771216,323373936,324009264,333113248,331464528,331135680,334264576
[K].VQHELDEAEER.[A],,B2RQQ1; Q91Z83,722456368,719072690,737727716.5,731121878.5,749265156,727521967.5,1410124936,1386942046,1409175857,1821941701,1816607884,1796163251,1020939528,1007257516,1025816482,1413865309,1387633869,1429256398
[R].VQLLHSQNTSLINQK.[K],,B2RQQ1; Q91Z83,1738035926,1730116739,1738825045,1675294946,1677038330,1713639575,3173910006,3057477176,3055516334,4179574352,4147615456,4130778628,2421451397,2342655298,2434792809,3204815644,3198830334,3254791058
[R].VRELENELEAEQK.[R],,B2RQQ1; Q91Z83,135764734,131742733,135122212,135288268,136197849,135635126,293410868,292338056,290730016,400372136,392428348,399191208,233320550,235503510,230303238,376275540,373638484,384356808
[R].VRELENELEAEQKR.[N],,B2RQQ1; Q91Z83,4981686,5264825,5532552,3638208.75,4091620.5,3389038.25,10175294,10546057,9414378,15570339,16000793,16356931,7949849.5,8478337,8139644.5,19782040,19531026,19802394
[K].VTAETENGK.[T],,B2RQQ1; Q91Z83,100978368,102380656,103890704,94702424,95806192,94550816,185683808,189864128,187949344,319235168,322534368,327284896,149595024,154889152,154235424,193628848,193837952,187719536
[K].VTEPAPPEK.[A],,Q3UIK0,,718466.75,734141.875,,,,,,,139630224,138196144,139328016,87891368,85159824,86056632,115152240,111962368,115198048
[K].VTEPAPPEKAESEVAPGAPK.[E],,Q3UIK0,,,,,,,,,,103430144,102678432,106001200,50030372,50569184,52068484,92312560,93151224,95071816
[K].WVDLSSK.[V],,Q3UIK0,1587600.375,1406312.25,1437211.125,,540668.1875,,913363.9375,1036614.5,771464.9375,206193216,201643280,206579232,124269912,123097784,124826528,183600688,182842880,187100016
[K].YEESQSELESSQK.[E],,B2RQQ1; Q91Z83,194377776,192750580,200909200,198148128,198062232,198408744,339457848,334656368,330863496,386042056,389373712,386337080,259903224,260746792,260782712,306489704,298154504,303526904
[K].YETDAIQR.[T],,B2RWW8; B2RQQ1; Q91Z83,266940160,265079488,270879648,274509408,271516192,273607264,448324480,459884480,443030016,506946944,510570880,510921216,349659520,339776640,344924800,409610464,395238816,413138112
[R].VKLEEAQR.[S],,B2RQQ1,156066156,154919742,157012588,115235734,116176000,117192586,401946408,406340352,414348784,997627808,997483712,985253600,553839480,562644152,558674288,821146768,804286208,807443232
[K].QLEVEKLELQSALEEAEASLEHEEGK.[I],,B2RQQ1,16933184,16703690,16392421,17069886,17050248,16141027,54619012,53608432,52061888,125225304,121223472,116936136,68062408,65074320,64918928,130114072,124162056,123984560
[R].TKYETDAIQR.[T],,B2RWW8; B2RQQ1; Q91Z83,846862368,838380672,845354576,826360784,818581040,827103312,1550944416,1531079648,1511822144,2049971968,2028750880,2035771840,1192376128,1185419408,1216010304,1645178272,1613186816,1670753824
[R].TEELEEAKK.[K],,B2RWW8; B2RQQ1; Q91Z83,130302886,130045292,129657314,129041070,130676438,125947970,227618424,227407956,225547836,274785608,272939780,271254388,185397538,184571050,183676880,236569556,236264608,240490856
[K].QREEQAEPDGTEDADKSAYLMGLNSADLLK.[G],,B2RQQ1,,,,,,,,,,,,,,,,,,
[K].QREEQAEPDGTEEADK.[S],,Q91Z83,153402169,146896514,147903973,178443183.5,176035356,171112425,188672979.5,185536034.5,179103230.5,4622305.406,4574428.156,4160365.344,2252462.891,2080702.453,2099828.703,4391833.063,3884529.984,4608426.25
[R].RDLEEATLQHEATAAALR.[K],,B2RWW8; B2RQQ1; Q91Z83,238728280,229123808,241853464,236964208,234614600,236353280,418966264,426581312,424405536,537255296,519508272,528592832,332248568,325335384,331542744,452187024,449549280,462522896
[R].RNNLLQAELEELR.[A],,B2RQQ1; Q91Z83,157759702,154777560,156863236,178661576,179835868,175177714,293843724,285167744,284364700,334369560,333202288,328043512,222663260,221845748,219818212,289801076,279891196,291037012
[K].RQAEEAEEQANTNLSK.[F],,B2RQQ1; Q91Z83,12452141,12460165,12624895,13667466,14251364,13709063,24391682,24069094,24105378,27036748,27509594,25748124,18538400,18222214,17935292,27004708,26601478,27412658
[K].RSEAPPHIFSISDNAYQYMLTDR.[E],,B2RQQ1; Q91Z83,,,,3469603.5,859854.9375,3165128.75,9078650,7338096,6989933,11851474,10736580,10714749,3520706.5,2936054.75,2270394.25,7745263.5,7182380,6697539
[R].RTSDSHEDAGTLDFSSLLK.[K],1xPhospho [S/R/T],Q3UIK0,,,,,,,,,,98388960,94678280,97480964,60532356,59553928,61454206,86976084,88030152,83187288
[K].RVIQYFASIAAIGDR.[S],,B2RQQ1,7128057,6799257,6576785,8564099,8432340,8177062.5,14208556,14022786,14286412,21596110,21342316,20958312,22201630,21158522,22564682,21930104,21514320,22332428
[R].SAEVTAGSAAVFEAETER.[S],,Q3UIK0,1440437.375,1285441.75,1079075.75,,,,,,,81433788,80753560,80750752,54348030,51238208,49532944,72042928,72799460,73543610
[K].SAYLMGLNSADLLK.[G],,B2RQQ1; Q91Z83,94830288,92336003,89498172,91549759,89134146,86192396,316472220,299551380,291395188,507164832,480809072,466250312,98277140,93648004,92250068,278868544,268327528,257747536
[K].SAYLMGLNSADLLK.[G],1xOxidation [M5],B2RQQ1; Q91Z83,11285639,14787854,15078747,11480142,12223627,11832644,24688138,28485464,25386598,47719420,46874704,48771016,28566676,29094564,19999140,33187000,39852780,37464304
[R].SEAPPHIFSISDNAYQYMLTDR.[E],,B2RQQ1; Q91Z83,18717770,18200136,17214418,19815456,19390342,18348120,68320944,66883564,62850016,121594776,119065840,114201528,22647264,21180544,20018174,67553488,63835472,63214612
[K].SEFKLELDDVTSNMEQIIK.[A],,B2RQQ1; Q91Z83,7186104,7173040,6966698.5,8214295,7533816.5,8092223.5,18171494,18074282,16552195,32119242,30439194,29270864,7530052.5,7310435.5,6824152,18056770,16830194,16849036
[R].SLEDQLVMVGQR.[V],,Q3UIK0,,,,,,,,,,54936862,53654544,53202826,10323982.25,9139411.25,9441688,32774487,34264577,31733995
[R].THSGTYQVTVR.[I],,Q3UIK0,1210340,1306767.375,1208738.625,,,,,,408622.0625,216574452,220663948,224192720,140566608,140661396,138431102,191724600,193698764,196248104
[K].SIHELEK.[SI],,Q91Z83,769968608,763476720,765522640,860589120,897121552,865125648,983478272,998573744,980761296,23691834.5,18670342,18221754,13299181.25,13063831.25,12949763,24362941.5,22937269.5,18618204
[R].SLNDFTTQR.[A],,B2RQQ1,556081228.3,557838377.3,571705352,468242576,470097554.5,462406699.5,1387205195,1403309386,1379277687,2940825294,2933397970,2951678250,1830785916,1849169544,1861149204,2466344648,2376374974,2423740734
[K].SLQSLLK.[D],,Q91Z83,1047848080,1032578936,1058358208,1185799648,1173139448,1182539072,1329273232,1317783152,1317808560,32790006.5,32143890.75,32424564.75,19492871.38,18771095.63,19483774.75,33752717.25,33155649.5,33734025.75
[R].SLSTELFK.[LIVM],,B2RQQ1; Q91Z83,1840537320,1846244976,1820254824,1786996032,1799025016,1780754736,3278266896,3232717296,3282738672,4140803552,4019867104,4082913248,2607392528,2538054592,2624400592,3394428800,3312629888,3406663184
[R].SNAAAAALDK.[K],,B2RQQ1; Q91Z83,899760768,902111800,920966716,902967024,928582688,918670880,1598870176,1603902640,1582835088,1878606096,1844539616,1853796736,1244831280,1221762400,1227841328,1536383200,1489974168,1538887600
[R].SNAAAAALDKK.[Q],,B2RQQ1; Q91Z83,365949392,365488464,366988252,340432860,338395612,341565416,755353552,753750480,742580336,1207080848,1192427248,1197803008,629051288,618634176,617313928,926311280,929923888,931639712
[K].SNNFQKPR.[N],,B2RQQ1; Q91Z83,522366016,526121728,523839736,488124728,493930544,484317648,929972816,935828720,924440880,1290310304,1278244912,1273834928,722073600,715583664,732274032,976299728,972808752,974131104
[K].SPGVMDNPLVMHQLR.[C],,Q91Z83,,,,,,,,,,,,,,,,,,
[RK].STHPHFVR.[C],,B2RWW8; Q91Z83,542268920,544951624,545267004,618008336,649019514,636845738,673120848,693013492,674238236,19094923.5,20036227,15692819.5,4702493,4880629.5,4655794,21051638.5,22297312.5,15825596.5
[R].SVFTVEGAEK.[E],,Q3UIK0,,,,,,,,,,22842058,23471746,23263622,14973641,14332910,14699141,18319062,18024028,17724422
[R].SVFTVEGAEKEDEGVYTVTVK.[N],,Q3UIK0,,,,,,,,,,,,,,,,,,
[R].SVNDLTSQR.[A],,Q91Z83,663870594,664159186,661269296,736156156,746015372,750352300,866169356,858969388,872631380,22126630,21513014,24076444,14237881,15311704,13787101,23105074,25006950,23493562
[R].TECFVPDDK.[E],1xCarbamidomethyl [C3],B2RQQ1,4433765.5,3974393.25,4293930.5,2951832,3027118.75,2923798.75,10560774,10284996,10300701,22351800,21009682,20682250,14065555,13919532,14263886,15349454,15732167,15713448
[R].TECFVPDDKEEYVK.[A],1xCarbamidomethyl [C3],B2RQQ1,624178572,609737056,628548528,511373452,519918856,514997152,1602369456,1600092384,1621335008,3360076448,3298434592,3299792288,2052720512,2037311664,2083560080,2772337984,2716123488,2785406464
[R].TEELEEAK.[K],,B2RWW8; B2RQQ1; Q91Z83,868200156,869341196,867962564,883026636,880239848,879190532,1607361416,1624300184,1644010592,2076772488,2022193240,2071648840,1274499376,1247761504,1262140824,1697845800,1687211824,1702240368
[R].SIIAGYNAILCCAVR.[G],2xCarbamidomethyl [C11; C12],Q3UIK0,1228118.875,1288073.156,992948.2813,,,,,,,40527956,40731404,40351754,30707734,30685139,30569889,42077312,41938854,40935060
[K].YGLAAEGK.[R],,Q3UIK0,2122099.75,2178776.75,2125548,1316023.625,1433745.25,1474937.375,2732839.25,2910901,2920442,151632144,153228880,158613616,93161520,91370016,94313192,134012696,132392144,134661824
[R].ILNPAAIPEGQFIDSR.[K],,B2RQQ1; Q91Z83,2158040783,2118207618,2123727155,2109107712,2111768493,2087230372,3993831349,3893118579,3917058931,5148704724,4995180078,5113552441,3128673892,3044415159,3100655262,4197005631,4186554560,4226677585
[K].LLCETEGR.[V],1xCarbamidomethyl [C3],Q3UIK0,,,,,,,,,,208120528,211444352,211772800,123207368,125171384,127104016,202571216,190495424,191423680
[K].DTQLQLDDAVHANDDLKENIAIVER.[R],,B2RQQ1,328490839.1,359310949.9,348084440.1,301664850.6,297498300.8,263143349.6,586010164,690587771.5,667807757.9,1121381717,1397803742,1250192164,782144899.3,863040306.3,705824881.7,1134371290,1207740834,1238840647
[K].DTQIQLDDAVR.[A],,Q91Z83,919567324,922084875,930889420,1062328602,1046666434,1065000358,1232781889,1203984887,1207691083,31082892.75,32092331,31403752,19486820.5,20487664,19256047.75,33851251.5,33775469.5,32539665.75
[K].DVFVPDDKEEFVK.[A],,Q91Z83,1049737776,1065255872,1022476960,1151540416,1149887440,1142656832,1363726256,1331116944,1352396224,41721821,36807398.5,41787771,22757664.5,22240548.88,22587685.75,30138930,33868014,33532981.5
[R].DYHIFYQILSNK.[K],,Q91Z83,304734324,301552048,304169448,425838900,423484504,416406644,353063680,352751416,352740180,8956471.75,9357284.125,9563551.313,6484519,7079606.5,7449903.125,8510897,10541049.75,8853566
[R].EAEFQK.[M],,B2RQQ1; Q91Z83,54058732,53409484,54529020,54648432,54551248,54871204,100496960,101355112,102543424,129324120,131479760,132040992,74638984,75850432,77174816,100956224,101548104,108881928
[K].EALISQLTR.[G],,B2RQQ1; Q91Z83,1859838805,1822630148,1869258360,1849219201,1841720270,1817421748,3374159900,3384287997,3377020056,4303886380,4262844954,4330272302,2694786057,2634273717,2663988877,3611774186,3537581459,3596636417
[K].EDEGVYTVTVK.[N],,Q3UIK0,,,,,,,486422.9688,,,21258126,21929348,21846278,12804249,12970945,13612359,16710990,15215953,15863229
[K].EDQVMQQNPPK.[F],,B2RQQ1; Q91Z83,43919952,42087651,41153298,44475534,42377766,42134408,163622888,161624412,156484980,256941232,248713040,240253368,37000572,35732324,33777636,123554684,118941668,116919208
[R].EEQAEPDGTEDADK.[S],,B2RQQ1,23741294,23181850,22778334,18892110,18859428,18082980,60613660,60179684,60876796,137765152,137848320,136818528,81969896,80684040,83085056,100354696,100645144,102286528
[R].EEQAEPDGTEEADK.[S],,Q91Z83,29857470,29006648,30231350,30013782,31580780,30602392,33025810,33543580,32902054,448063.3438,650138.9375,604740.8125,347260.4688,406653.9063,295636.8438,,476216.5625,273161.4063
[K].EFDISQQNSK.[I],,B2RQQ1,342908128,339713008,343286422,280554500,280889532,282449850,873144064,867496568,876605266,1955418728,1942672664,1970344776,1146525116,1137796276,1165896100,1536793956,1498805132,1540298860
[K].EGQPLAGEEVSIR.[N],,Q3UIK0,1606633.875,1380541,1645692.75,,,,,,,285757472,285726144,284941088,173816880,170792336,175618944,256012160,258466144,263740800
[R].ELEEISER.[L],,B2RWW8; B2RQQ1; Q91Z83,1291393996,1270219600,1273622568,1283128584,1275070740,1298595424,2308659776,2337752632,2319903880,2848943752,2877485264,2915498264,1820164336,1827954600,1835671352,2420734672,2421531112,2448307536
[R].ELENELEAEQK.[R],,B2RQQ1; Q91Z83,238005504,239369968,241616192,243920736,240823856,247264592,400313472,400570880,388383904,485556800,467146592,453150048,319845760,313794880,313669344,368156960,356154048,364782976
[K].DTQLQLDDAVHANDDLK.[E],,B2RQQ1,165647604,164671786,165538292,122473570.8,117737085,114148715,364166502,359270998,362468039,855513882,844048840,847184022,491890745,495867006,493703118,545573233,539692202,549691837
[R].ELENELEAEQKR.[N],,B2RQQ1; Q91Z83,166386280,161202062,164724554,161425412,158592928,158650472,378573736,379135044,381166696,636977352,613368488,620269184,307878236,306456776,311926144,502929536,498349320,503402712
[K].ELTYQTEEDK.[K],,B2RQQ1,4551931.5,4349380,4622605,3359427.25,3440779.75,3533496.5,11112031,11855909,9971939,21006132,21468000,22066188,14385143,14171982,14662668,17508340,17030716,17225030
[K].ELTYQTEEDKK.[N],,B2RQQ1,376069704,376405092,387115644,319824300,328929956,320566176,976986000,991713776,990693216,2069555168,2018994560,2050145728,1224311408,1226499776,1232153152,1646428416,1633098912,1672476160
[K].ELTYQTEEDR.[K],,B2RWW8; Q91Z83,52961800,51003568,51314284,56440560,54807356,58029256,61844020,62486444,61622168,,,,,,,,,
[K].ELTYQTEEDRK.[N],,B2RWW8; Q91Z83,500190224,507263824,503055688,556177136,568568280,566229456,679615328,667789576,684761096,,,,,,,,,
[K].ENIAIVER.[R],,B2RQQ1; Q91Z83,490929152,488519360,497401280,476126368,470640000,475970496,767111488,775905920,763352960,931211968,894098560,900998656,557814080,542062912,550818560,601721024,592835520,608604160
[R].ENQSILITGESGAGK.[T],,B2RWW8; B2RQQ1; Q91Z83,1175192577,1146932916,1183382211,1166084703,1150548575,1160641826,2119245254,2123752114,2155372904,2678777216,2665525288,2662188924,1677899730,1650261792,1693485078,2144241400,2141645158,2201496636
[K].EPPVLITR.[S],,Q3UIK0,2045933.125,1968505.375,2078558.125,354508.0625,315664.1563,230294.6875,908226,959042.75,687471.5625,315869312,312734784,310324320,181915120,175032768,177885504,272654368,264043584,272433888
[K].EPVTVQEILQRPR.[L],,Q3UIK0,,,,,,,,,,243112336,239360432,242130736,130823072,129150112,133056368,209459024,203084656,208310016
[K].EQDTSAHLER.[M],,B2RWW8; B2RQQ1; Q91Z83,958941632,948219424,963308448,974965928,969127976,997270528,1807539264,1827784720,1796167312,2211622112,2201124160,2163848960,1358011280,1334506672,1375940224,1816461888,1822864480,1847623408
[R].EQYEEEMEAK.[A],,B2RQQ1,17375764,16357049,15897053,14811741,13965193,13445483,85742432,84070576,78904256,230170144,223860416,215136784,36817164,34622516,33757176,117454136,112927944,108486376
[R].EQYEEEMEAK.[A],1xOxidation [M7],B2RQQ1,2600711.5,2463577,2593350.25,1368549,1517004.875,1561727.125,4780738,5149164,5091029,10903399,10910806,10902297,7705910,7786656.5,8075571,8933588,8593537,8870311
[R].EQYEEETEAK.[A],,Q91Z83,276843264,286492032,293608064,326138112,326039456,326951968,377463552,377491552,378841120,9686183,9614764,9902261,5536940,5170977,5358634.5,10267393,9581847,10043791
[K].GLCHPR.[V],1xCarbamidomethyl [C3],B2RQQ1; Q91Z83,349075808,348927680,343043264,340459264,347730304,330663552,572743680,579517632,565041792,669885824,689531584,698147008,408454848,423639456,420467136,578591872,573012160,584280960
[K].GQNVQQVSYAIGALAK.[S],,Q91Z83,45216706,42561552,41866678,45938476,46321162,45694814,60017122,58854876,58031100,,,,,,,,,1924666.625
[R].ELSHEAR.[R],,Q3UIK0,,,,,,,,,,28253924,30573314,30341980,22172022,22273240,24051412,30658160,26229556,27505952
[K].GQSVQQVYYSIGALAK.[S],,B2RQQ1,26704036,25133598,26262665,23225083,22839670,22726853,60972600,60646402,59474364,135576472,131911052,134521248,86530736,82065856,84046848,100376940,101771664,103746564
[K].DPLNETVVGLYQK.[S],,B2RQQ1; Q91Z83,78664536,75185172,77816532,78701280,76151002,76764702,172481912,163821584,166843296,230735056,225632168,231415040,122644140,119579812,120705808,181582320,178483672,180493128
[KR].DIDDLELTLAK.[VA],,B2RWW8; B2RQQ1; Q91Z83,1853140439,1813200956,1833647044,1821929137,1836990867,1792191895,3411027223,3379092698,3377631944,4459525301,4345425136,4347528447,2661051232,2612470931,2640664814,3543221750,3490501834,3572375802
[R].ADIAESQVNKLR.[AV],,B2RWW8; B2RQQ1; Q91Z83,6923655.5,6570933.5,6940656.5,,,,,,,6050609,5363808.5,5651191.5,,,,,,
[K].AESEVAPGAPK.[E],,Q3UIK0,947019.9375,873010.3125,1040799.938,,,136211.1094,,350634.625,385900.0313,126938976,126474928,126312200,80086816,79248912,81069464,109554664,107484976,107412296
[K].AGLLGLLEEMR.[D],,B2RWW8; B2RQQ1; Q91Z83,126209562,118752346.5,112097559,141866775,133206369,122824584.5,221791161,212264592,195907911,304048108,280247039,258745656,90724375,82106212,74938223.25,157774443.5,146540271.5,135869099.5
[K].AGLLGLLEEMR.[D],1xOxidation [M10],B2RWW8; B2RQQ1; Q91Z83,28569831.5,29334716,31450513.5,22573399.5,23113630,23654131,49885564,50811235,53581133,59389945,61322868,65147156,32974683,33932675,35558431.5,42031250,42612859,44753027
[K].AGLLGLLEEMRDER.[L],,B2RQQ1; Q91Z83,12881453,12005754,10416057,23251020,20900404,19819492,33738156,29005488,27294670,45643776,38591860,34122560,12410783,10439929,10278993,25611602,21904474,21565386
[K].AGLLGLLEEMRDER.[L],1xOxidation [M10],B2RQQ1; Q91Z83,30353114,29991530,38382860,24831156,25460718,55605536,100875768,102264656,104600272,113523248,115459280,113954440,98893984,99912784,100253216,135595472,131593576,135310576
[R].AHNVAGPGGPIVTK.[E],,Q3UIK0,1934781,1965861.125,1739461.5,,,516391.4375,867421.125,,785872.75,309751332,307445568,312396932,175556132,177295882,175675970,257650236,258189104,265533556
[K].ALDFSEAPSFTQPLANR.[S],,Q3UIK0,,,,,,,,,,292196440,284802072,290254416,176942780,171397604,172601640,254846616,249973232,256123360
[K].ALQEAHQQALDDLQAEEDK.[V],,B2RQQ1; Q91Z83,45177420,45620632,45640848,41508616,40364544,40676396,77979528,79896304,78476232,97842408,98287000,97625872,60280868,60041532,61149320,68672536,67880400,69217352
[K].ALQEAHQQALDDLQAEEDKVNTLTK.[SA],,B2RQQ1; Q91Z83,2095547470,2001257423,2062271787,1948057321,1958056894,1946175226,3717416601,3623204222,3664419223,5085919026,4971301814,5087854804,2784863040,2751841016,2829307971,3821210452,3735059482,3781150452
[K].AITDAAMMAEELKK.[E],,B2RWW8; B2RQQ1; Q91Z83,25012086.13,21796837.44,20799340.31,27277100.63,25376176,24333340.88,104637519,103504521,93999814.5,197167572,181091286,173649778,16588341.44,15740164.13,13986475.56,77175077,70777166.5,66931787
[R].ANDDLKENIAIVER.[R],,Q91Z83,576143623.5,565290476.5,578325415.5,666776916,661984125.5,657754565,809533120,822692185,822167473,20570121.88,20971909,20400144.38,10156634,10861316,11931285,21439036.5,20485373.5,21695409
[K].ANSEVAQWR.[T],,B2RWW8; B2RQQ1; Q91Z83,902327144,906622632,909270240,922669288,903901104,907618056,1620590816,1590962096,1606178336,2044435072,2023523328,2008654272,1238911480,1240514136,1252225656,1636560816,1626811616,1667975376
[K].APGVMDNPLVMHQLR.[C],,B2RQQ1,2869455.25,2671158.5,2550216.5,2530684.75,1983702.875,1958117.5,20645420,18401104,16601945,68877104,65062840,62285796,4490053.5,4131396.5,3287435.5,23474532,20242276,17307086
[R].DLEEATLQHEATAAALR.[K],,B2RWW8; B2RQQ1; Q91Z83,1676509664,1640428348,1678504264,1702060552,1670309144,1658737416,3145930552,3112252760,3181007824,4126475408,4041626256,4080515968,2391922440,2348595792,2396962016,3322315432,3207048504,3340224984
[K].APGVMDNPLVMHQLR.[C],1xOxidation [P2],B2RQQ1,10529976,8099538.5,8210900,12633623,11859682,11127932,31490044,28904536,26607278,,,507632.0938,,,,,,
[K].ASTGPHPDAPEDAGADEEWVFDK.[K],,Q3UIK0,447909.9063,575007.0625,576660.875,,,,,,,89103872,87404456,86817704,53212292,53005612,53324328,69044024,68484200,71004448
[K].ASTGPHPDAPEDAGADEEWVFDKK.[L],,Q3UIK0,,746290.375,1180986.25,,,,,,,156426374,156163822,156911420,79161000.5,81032487,80703238,133419624,130646498,128855706
[K].ATLILQIVDKPSPPQDIR.[I],,Q3UIK0,1266139.375,537562.0625,1019035.375,,,340683.1563,,,,142363920,139219360,137242480,95762104,91003232,94109200,121064976,116277768,119284056
[R].ATNLQGEAQCECR.[L],2xCarbamidomethyl [C10; C12],Q3UIK0,,,295873.0313,,,,,,,105639256,107190768,104950560,71205042,68268436,69585592,99055880,95628712,98604488
[R].AVVEQTER.[S],,B2RQQ1; Q91Z83,930350080,921569280,928387776,958526656,953455744,976995648,1765399168,1825346816,1804743936,2271752960,2276847104,2216564736,1362007168,1366254208,1355871232,1854095488,1840294272,1899914752
[K].CEVSDENVR.[G],1xCarbamidomethyl [C1],Q3UIK0,637395.1875,508588.5625,734981.1875,213550.3906,163423.6094,283416.875,422182.8125,192328.4375,406328.375,90890976,90654976,83918464,56033844,56090032,54501672,90381824,85338200,83907368
[R].CIIPNER.[K],1xCarbamidomethyl [C1],B2RQQ1,320627328,309025248,306167904,289511008,281840512,278695648,853679552,842416192,810941888,1652816128,1579095936,1607197824,1052503296,1007958720,996455424,1493163904,1453228544,1443972480
[R].CIIPNETK.[TS],1xCarbamidomethyl [C1],B2RWW8; Q91Z83,418228640,405221120,404601344,517658624,493450496,483848192,560561344,555627136,537781120,14724979,14254857,14150158,8862009,8558320,8571059,15922748,16014011,15999736
[R].CNGVLEGIR.[IV],1xCarbamidomethyl [C1],B2RWW8; Q69ZX3; B2RQQ1; Q8VDD5; Q91Z83,203105424,193058752,192400000,200625392,197300560,189852240,374414752,366276544,353597088,585850368,562898112,545105536,297765888,289233856,285628576,405440640,394769440,380989024
[K].CSTELFVK.[E],1xCarbamidomethyl [C1],Q3UIK0,1279035.75,,1434312.875,741730.125,,,,1831631.5,,149783584,144127616,142047216,91909416,90967160,87600064,138889936,134796608,130819560
[R].DASPDDQGSYAVIAGSSK.[V],,Q3UIK0,739441.375,881680.3125,1139251.563,342336.9688,,,389777.25,386328.5938,810950.75,140224776,140802616,141644608,80725002,81597774,82013838,118686648,116921720,120026464
[K].DFELNALNAR.[I],,Q91Z83,663034096,638480160,650214872,734535560,734146672,731835064,862822128,853672256,894947240,24039289.25,24520235.25,24093861.38,12980347.75,12281514.75,12136021.19,20193064.25,20068485.75,24023515
[R].DGSDITANDK.[Y],,Q3UIK0,,,,,,,,,,88309280,89294128,89726400,54373692,53250332,55531272,77990768,77731584,79197424
[K].DKFDSCNFNLTVHEAIGSGDLDLR.[S],1xCarbamidomethyl [C6],Q3UIK0,1679523.625,2040267,1886902.25,,,,,,279433.125,58058372,55887656,55513580,41409964,39329860,37937996,56476628,53969392,54799476
[R].AQLEFNQIK.[A],,B2RQQ1; Q91Z83,1569526612,1546514596,1588910932,1523475092,1523166736,1547412664,2869134376,2869917864,2883115888,3806372376,3768009080,3847172552,2200202588,2160872452,2199590844,2994480624,2961169752,3001757104
[K].LLGSLDIDHNQYK.[F],,B2RQQ1; Q91Z83,2229612663,2154297556,2205643356,2157449596,2169156046,2115999452,3659866176,3694142294,3684937161,4400443021,4336392711,4445275751,2797050585,2711742370,2756522164,3582439776,3485024705,3543224487
[K].GSSFQTVSALHR.[E],,B2RQQ1; Q91Z83,730397280,737388776,742450088,713957712,709698544,714372160,1432119408,1432620336,1433324880,2005592928,1975437728,2016079808,1072891936,1075070928,1095444592,1520174928,1521313152,1539880976
[K].HADSVAELGEQIDNLQR.[V],,B2RWW8; B2RQQ1; Q91Z83,1892764279,1842057174,1861026604,1924367774,1891082624,1885203207,3440133413,3468779103,3486646550,4259305128,4169145665,4213919069,2801865422,2732061602,2798769055,3595111367,3532750143,3661216897
[K].LAEQELIETSER.[V],,B2RQQ1; Q91Z83,910741696,887367264,911873872,853677216,862727680,862072624,1748407456,1720064320,1739084672,2395553792,2385386912,2417723360,1350678656,1310853472,1349422176,1794776224,1800872928,1813476800
[R].IAFQHGVTDLR.[G],,Q3UIK0,3436299.5,3320316.75,3257254.625,876607.375,1252401.594,1491895.313,2344396.531,2240876.438,1888956.906,390628228,382138296,384919164,231750900,225525240,232426330,354122344,348863812,349142820
[K].LASADIETYLLEK.[S],,B2RWW8; B2RQQ1; Q91Z83,1952127296,1906141392,1945614592,1948620128,1930468080,1914984128,3361884192,3342617312,3297797472,3853434144,3776846464,3784689824,2652291744,2543291680,2592291232,3181818656,3160378080,3204756832
[R].IASEAQK.[H],,B2RQQ1,177897170,193984146,170634978,153302218,164785528,144245194,377369964.2,361766496,367461800,740268976,740994432,734411584,516878856,519344256,547853080,625270920,603418692.8,625904752
[R].LDEAEQIALK.[G],,B2RWW8; B2RQQ1; Q91Z83,1793199896,1737459224,1789839652,1763504120,1748044624,1741685588,3252941896,3259126104,3242468544,4253318568,4174623376,4258846912,2547624312,2476736684,2557893880,3359986704,3352214152,3410393792
[R].LDVPISGDPAPTVVWQK.[T],,Q3UIK0,1734764.938,1359465.813,1706771.375,339896.25,188504.8594,,267519.0313,,232809.8281,275351968,270184408,262479616,159065416,151417144,152695024,223763184,223980480,218691888
[K].LEAPAEEDVWEILR.[Q],,Q3UIK0,1324594.25,2410151.25,2358578.25,,,,,,,354523536,343537232,344300432,222394216,218045336,221375016,311679552,308334336,315068880
[R].LEAQTRPFDLK.[K],,Q91Z83,631030132,630539732,637420436,695442368,692526800,684214552,869945328,872014912,874619592,16655216,16075804,15272145,8383516,8021017,7689561.5,16770952,15058435,16160199
[R].LEAQTRPFDIR.[T],,B2RQQ1,436870560,429440672,442997536,359288256,354619424,354683456,1197931264,1197084416,1209493120,2793754112,2741482496,2751172096,1597153920,1568962560,1601540992,2297012224,2254539776,2325093376
[K].LEDECSELK.[KR],1xCarbamidomethyl [C5],B2RWW8; B2RQQ1; Q91Z83,37242632,37300376,39101864,33010030,32926744,33760708,67397640,66046124,66025048,86290344,85879480,85992984,47953680,46617136,46507108,54986300,55171984,55164304
[K].LEDECSELKK.[DE],1xCarbamidomethyl [C5],B2RWW8; B2RQQ1,70051247.5,68559909,69220127.5,63863760,64809843,63468909.5,172504124,174398252,176729064,372933208,349437512,350297864,186472128,181353694,183013114,261553072,258793824,271244016
[K].LEDECSELKR.[D],1xCarbamidomethyl [C5],Q91Z83,70768794,71213550,73117031,87822317,85316214,86527612,102869820,105470162,104708448,7639251,7293120.719,7556006.25,2662713.5,3813496.75,3447514,6572801,4722431,6503076.5
[R].LEDEEEMNAELTAK.[K],,B2RQQ1; Q91Z83,57400804,55371670,51909096,58440348,55699914,55252446,211939032,199078104,189859648,347999904,339492728,319899048,59425672,57020818,56721612,177144836,168676964,164406324
[R].LEDEEEMNAELTAK.[K],1xOxidation [M7],B2RQQ1; Q91Z83,5353146,5886623.5,6047698.5,3722287.75,3806826,3922308.75,8867889,9257044,10050345,13036606,13533749,13358040,7635682.5,7677403.5,8087094,10394797,9866942,11256805
[K].LAEKDEEMEQAKR.[N],,B2RQQ1; Q91Z83,1448296.875,1197911.25,1161934.125,1345354.75,1173733.875,1217654.5,6720604,6603043,6706806,15230437,15373189,14682109,1739580,1724721.75,1785617.875,8029758,7676980.5,7652188
[K].IEDEQALALQLQK.[K],,B2RQQ1,738447104,708068672,706688928,582625696,583877088,571059424,1730637632,1769207488,1779206528,3855629056,3891757952,3842470912,2303083264,2286915712,2312254400,3076331648,2975899008,3077459328
[K].IEDMAMLTFLHEPAVLYNLK.[E],,B2RQQ1; Q91Z83,9318540,8900503,7979150,11730863,11226992,10147396,29488620,28065024,25392072,43348260,39289168,37154908,6062879.5,8829009,4949446.5,19624978,18287716,16985018
[R].LEEAGGATSVQIEMNK.[K],,B2RQQ1; Q91Z83,96059628,95859764,93441700,89425164,93402564,89349728,321203344,313650320,320508672,532846720,526372432,526034368,121697348,114060308,109348988,312605920,290698720,294935872
[R].IEELEEELEAER.[TA],,B2RWW8; B2RQQ1; Q91Z83,1692466751,1643362771,1684197708,1693621440,1694009660,1668285248,3014091348,3062812330,3002374792,3752338445,3662283534,3770469484,2324645976,2373365233,2356410802,3083613441,3052087741,3206132808
[K].LELDDVTSNMEQIIK.[A],,B2RQQ1; Q91Z83,138131524,132798452,128565960,135987588,130236764,125815904,449992160,429993056,409795184,707975808,672829952,649137696,135633120,123614220,118462280,364542512,347913584,335185632
[K].LELQSALEEAEASLEHEEGK.[I],,B2RQQ1; Q91Z83,2056120239,2016835327,2045725309,1974751596,1940887184,1913826645,3820560811,3776809736,3752375149,5609841574,5584717091,5518028419,3483505386,3314597512,3455426965,4369414612,4298424630,4369315425
[R].IENMEDK.[A],,Q3UIK0,,,,,,,,,,31057242,30844826,28560680,,,,21833144,20178862,19513070
[K].LEPAYQVNK.[G],,Q3UIK0,,,,,,,,,,46137140,44226808,45573232,23811694,22785172,23958040,36887864,36512916,36475336
[K].LEQQVDDLEGSLEQEK.[K],,B2RWW8; B2RQQ1; Q91Z83,631872464,611286256,613150960,606585712,603315984,597442000,1021976160,1021812192,1018106912,1229421888,1218031520,1230481312,793217760,788269376,794085744,942979680,923153856,946409920
[K].LEQQVDDLEGSLEQEKK.[VLI],,B2RWW8; B2RQQ1; Q91Z83,452925162,446360654,450988886,453589510,444942440,446128458,864898448,862702576,866070164,1229248080,1196670776,1210116008,675933160,650180012,667932516,922273428,909094888,941311444
[K].LEVYQSIADLAVGAK.[D],,Q3UIK0,,,,,,,,,,21952504,21012719,20207680,13414863,12478313.5,12578010,17505457,17054583,16718232
[R].IHFGATGK.[L],,B2RQQ1; Q91Z83,1127576252,1116227420,1109944432,1126405712,1134772360,1122060516,1941041512,1932403904,1931590456,2329281056,2303491272,2314195632,1437727364,1441619208,1481747804,1891067448,1879566484,1904285416
[K].IHLDCPGSTPDTIVVVAGNK.[L],1xCarbamidomethyl [C5],Q3UIK0,,,2091364.875,,,678226.25,,,,311515463,308695920,307281554,178996739.5,173938708.5,179987718.5,262555895,256608159,267577063
[R].IKELTYQTEEDKK.[N],,B2RQQ1,9943156.5,6430401.5,8660854.75,4555410,4569344.5,4416287.5,19996226,20186380,19974636,97803356,96451992,98154884,50062330,49287244,50083451,83364732,88272976,130394204
[R].IKELTYQTEEDRK.[N],,Q91Z83,7049390.5,7395570.5,7576095.5,6916395,6887845,6933091.5,12322814,12917959,12469711,,433634.3125,,,208581.8125,,258041.7813,292827.9063,284382.9063
[R].IEDEQALGSQLQK.[K],,Q91Z83,779024480,772202080,783563008,858343040,855367008,867969632,1041696352,1022015776,1023178944,27861463,29506675,31057907,14335179,14255362,14731013,26439950,15746982,32170404
[K].GTLEDQIIQANPALEAFGNAK.[T],,B2RQQ1; Q91Z83,1226105939,1203818790,1221240718,1175117962,1178896698,1155616041,2255417139,2249181911,2231990561,3211973064,3122796918,3181017332,1658383849,1629463092,1679421524,2294304756,2299768284,2267450536
[K].LAEKDEEMEQAK.[R],,B2RQQ1; Q91Z83,27224530,25353732,24408244,25195370,25927934,23757496,94728584,93594096,87653760,167650416,158867776,155615872,24059790,20827062,21945656,71628168,69347736,67718952
[K].KVGEPVNLLIPFQGKPRPQVTWTK.[E],,Q3UIK0,,,,,,,,,,16506784,6422832,15215218,12980111,12368940,12334218,7077893.5,7868609.25,15246875
[R].HDCDLLR.[E],1xCarbamidomethyl [C3],B2RWW8; B2RQQ1; Q91Z83,1135463936,1154604544,1156701440,1208078848,1207181056,1179689856,2161061632,2121345024,2120454144,2565584384,2558173440,2638321152,1631689088,1581083776,1613852288,2193954304,2132539648,2176444928
[K].HHLIINEATLEDAGHYAVR.[T],,Q3UIK0,,293193.0313,227824.8906,,,,,,,63221396,34331408,40142192,32091508,24848498,25740854,43171028,26521462,29702016
[K].KALQEAHQQALDDLQAEEDKVNTLTK.[SA],,B2RQQ1; Q91Z83,106277360,102485544,101950840,119787832,120944580,117775136,241914576,239892712,239494960,299972720,299390064,301276552,158341464,159031720,164208448,312153696,313274640,318268592
[R].KAPGVMDNPLVMHQLR.[C],,B2RQQ1,1404327.25,1455031.875,966528.1875,1807591,1046477.5,1354241.25,15741900,14880712,13348210,46174796,42298388,40303832,3289254.25,2164563.75,1821469.25,19554140,16049756,17301536
[R].KAPGVMDNPLVMHQLR.[C],1xOxidation [P/M],B2RQQ1,,,,,,,,,,,,,,,,,,
[K].KASTGPHPDAPEDAGADEEWVFDK.[K],,Q3UIK0,,,,,,,,,,11299597,9680354,10331654,5527415.5,6380677,6518363,8919596,7719201.5,10988273
[K].KASTGPHPDAPEDAGADEEWVFDKK.[L],,Q3UIK0,,,,,,,,,,14006845,13164763,18324232,7961064.5,7156572.5,7738361.5,14932357,15835703,13584628
[K].KDFELNALNAR.[I],,Q91Z83,27531416,28067060,29054980,29477210,30948146,30791928,34095968,36497992,34482192,881545.75,,464659.0938,,,423676.5938,,477987.5625,251418.8594
[K].KDIDDLELTLAK.[VA],,B2RWW8; B2RQQ1,13254976,12647689,13376309,10914392,10844153,10665845,34416648,32782920,32527922,78080376,78018896,75569488,45782288,44496024,42919220,62102272,59021284,60440208
[K].KDVFVPDDKEEFVK.[A],,Q91Z83,34065421,34046008,34568102,35651081,35880775,34689589,41660825,39498182,40276477,,,,,,,,,
[K].KEFDISQQNSK.[I],,B2RQQ1,8296669.5,7906965.5,9298700,6776815.5,6499554.5,6578418,19245698,19342484,18759902,40033836,42744728,41048964,28103420,27034996,27704638,33622080,33410002,35196816
[K].KGSSFQTVSALHR.[E],,B2RQQ1; Q91Z83,413060617,412147974,420130100,417822322,419797664,420594084,553860974,551892096,549073806,535410108,515489496,521022672,332657963,329361087,332954814,472385476,453328826,478631154
[K].KHADSVAELGEQIDNLQR.[V],,B2RWW8; B2RQQ1; Q91Z83,47967952,47306962,46803709,55739585,56246104,56919604,103432508,102640020,102935794,104197296,101620782,100000758,68170112,69607304,67570034,125283580,127353152,129104364
[K].KKDFELNALNAR.[I],,Q91Z83,7168989,6605468.5,7007078,6061229,5693532,5850814,11462302,11139559,11146134,,,,,,,,,
[R].KVQHELDEAEER.[A],,B2RQQ1; Q91Z83,512620132,509249202,509013400,515000872,528341312,514431716,907949088,911376496,905402248,1141651616,1121501512,1126520664,689358812,683867512,692833876,964849676,938340920,958752416
[R].KLAEKDEEMEQAK.[R],,B2RQQ1; Q91Z83,19337664.5,19144567,18212554,20290657,19562216,19411436.5,67835968,66927506,63646308,106435632,104155604,100469068,17576894,16084412.5,15724409,58011748,56364130,54012574
[R].KLEDECSELK.[KR],1xCarbamidomethyl [C6],B2RWW8; B2RQQ1; Q91Z83,141849248,138323256,138658816,140604264,142655164,142125500,218965144,223888772,219484000,225759308,221494408,225486764,139275484,139963584,139291520,170154804,164332916,168279160
[R].KLEDECSELKK.[DE],1xCarbamidomethyl [C6],B2RWW8; B2RQQ1,342907409,343649608,346687734,283179550,288294434,282847829,896581148,892678964,883320464,1913868800,1908633888,1919337696,1102813544,1093200192,1114195516,1499033280,1491575312,1531369704
[R].KLEDECSELKR.[D],1xCarbamidomethyl [C6],Q91Z83,455497788,462656828,454653858,511429656,517000678,513512922,610755818,607083302,611261964,16530603.69,17776141.06,17023886.72,9231988.75,8982282.297,8882915.641,16307562.81,17473317.5,16545306.28
[K].KLEPAYQVNK.[G],,Q3UIK0,,799326.625,,,,,,,,194777988,193813560,191584220,110098700,107282584,109849746,158002214,156061212,157892886
[K].KLEVYQSIADLAVGAK.[D],,Q3UIK0,1844483.125,1872864.75,1722957.375,630375.75,539956.0625,529668.125,733357.1875,621296.625,,176076326,172301394,170403972,113358503,110242354,111605728,147421366,144816690,146902808
[K].KMDADLSQLQTEVEEAVQECR.[N],1xCarbamidomethyl [C20],Q91Z83,27940964,26515604,26059430,32478088,30941068,30567770,61148900,60577048,56848504,1351203,,3464483.5,,,,3544558.75,637204.625,438853.5625
[K].KMDADLSQLQTEVEEAVQECR.[N],1xCarbamidomethyl [C20]; 1xDioxidation [M2],Q91Z83,,,,,,,,,,,,,,,,,,
[K].KMEGDLNEMEIQLSQANR.[I],,B2RQQ1,1930717.25,1895712.75,1710814.375,2474588,2099371.25,1792699.25,14295270,13734473,12930494,39615344,36347276,35085260,3672510.5,3333257.25,2950635.75,16865978,16659347,14606148
[K].KMESDLTQLQTEVEEAVQECR.[N],1xCarbamidomethyl [C20],B2RQQ1,13207311,12629607,12488213,11645998,10820718,10584767,63856016,61503536,58789104,163321952,158064320,154603200,29235622,27140058,27344482,88431944,86513240,83445512
[K].KMESDLTQLQTEVEEAVQECR.[N],1xCarbamidomethyl [C20]; 1xOxidation [M2],B2RQQ1,2789399.5,3022822.5,2998161.5,2470090.75,1108986.25,1949522.125,7079959.5,6708650.5,6075521,13998929,14062618,14583857,8875777,9553386,7779860.5,10819720,11359380,10441031
[R].KPCPYDGGVYVCR.[A],2xCarbamidomethyl [C3; C12],Q3UIK0,,,,,,,,,,476623589,475275507,17144018,7999915.5,7557618,7560367.5,11795546,12370012,442197030
[K].KPVSAFNK.[K],,Q3UIK0,1158258.203,859482.125,1163356,,542723.125,656349.3125,896769.0625,714703.9375,773826.125,116981088,118012422,117056654,62527191,62523653,62964692,91174176,93802940,92456438
[R].KQLEAEKLELQSALEEAEASLEHEEGK.[I],,Q91Z83,17120456,16791954,16087923,23653824,23480516,23484128,19966358,20073146,20608058,,,,,,,,,
[R].KQLEVEK.[L],,B2RQQ1,23578838,30887998,33094478,18765462,25874546,26254778,72739784,72638736,74726560,144792336,145567616,149681600,86990880,85590680,89160520,117356728,121808968,124459320
[R].KLAEQELIETSER.[V],,B2RQQ1; Q91Z83,890990152,884009224,881080360,921113504,913795824,916116864,1608450720,1575773728,1577969088,1913849056,1891002272,1879015552,1242861680,1225601536,1228882304,1696739616,1677550912,1708880672
[K].YIFESVGAK.[R],,Q3UIK0,,,,,,,,,,241415520,239042624,240310368,152055648,144828976,146581184,227776800,209896000,214255120
